<?xml version="1.0" encoding="UTF-8"?>
<project-private xmlns="http://www.netbeans.org/ns/project-private/1">
    <editor-bookmarks xmlns="http://www.netbeans.org/ns/editor-bookmarks/2" lastBookmarkId="0"/>
    <open-files xmlns="http://www.netbeans.org/ns/projectui-open-files/2">
        <group>
            <file>file:/C:/Users/edush/Documents/Repos%20GitHub/Laboratorio_IPC1_D_S123/Ejemplos%20Java/Ejemplos%20con%20NetBeans/EjemploPOO/src/paneles/panelProducto.java</file>
            <file>file:/C:/Users/edush/Documents/Repos%20GitHub/Laboratorio_IPC1_D_S123/Ejemplos%20Java/Ejemplos%20con%20NetBeans/EjemploPOO/src/ejemplopoo/elementos/Producto.java</file>
            <file>file:/C:/Users/edush/Documents/Repos%20GitHub/Laboratorio_IPC1_D_S123/Ejemplos%20Java/Ejemplos%20con%20NetBeans/EjemploPOO/src/ejemplopoo/ventanas/ventana.java</file>
            <file>file:/C:/Users/edush/Documents/Repos%20GitHub/Laboratorio_IPC1_D_S123/Ejemplos%20Java/Ejemplos%20con%20NetBeans/EjemploPOO/src/ejemplopoo/EjemploPOO.java</file>
            <file>file:/C:/Users/edush/Documents/Repos%20GitHub/Laboratorio_IPC1_D_S123/Ejemplos%20Java/Ejemplos%20con%20NetBeans/EjemploPOO/src/paneles/panelMostrarProductos.java</file>
        </group>
    </open-files>
</project-private>
